CourseCode,CourseName,Origin,Question,OptionA,OptionB,OptionC,OptionD,OptionE,OptionF,Answer,RelatedTextbook,RelatedChapter
ANAT9240,Anatomy & Physiology,P,Type of junction that serves to glue the epidermis to the dermis,,,,,,,Dermoepidermal Junction,Anatomy & Physiology,10 - Skin
ANAT9240,Anatomy & Physiology,P,Type of skin is seen only on the hands and feet,,,,,,,Thick Skin,Anatomy & Physiology,10 - Skin
ANAT9240,Anatomy & Physiology,P,Type of cell is found in the epidermis and plays a role in immune response,,,,,,,Dendritic Cell,Anatomy & Physiology,10 - Skin
ANAT9240,Anatomy & Physiology,P,The outermost layer of a hair shaft,,,,,,,Cuticle,Anatomy & Physiology,10 - Skin
ANAT9240,Anatomy & Physiology,P,Type of skin that covers most of the body,,,,,,,Thin Skin,Anatomy & Physiology,10 - Skin
ANAT9240,Anatomy & Physiology,P,Type of cell that is responsible for healing wounds and makes fibrous connective tissue (giving it its name),,,,,,,Fibroblast,Anatomy & Physiology,10 - Skin
ANAT9240,Anatomy & Physiology,P,The degree of burn that is most damaging,,,,,,,Fourth Degree,Anatomy & Physiology,10 - Skin
ANAT9240,Anatomy & Physiology,P,The type of junction that binds cells together by fusing networks of keratin together in neighbouring cells,,,,,,,Desmosome,Anatomy & Physiology,10 - Skin
ANAT9240,Anatomy & Physiology,P,"Dry, itchy patches on the skin caused by an allergic reaction",,,,,,,Eczema,Anatomy & Physiology,10 - Skin
ANAT9240,Anatomy & Physiology,P,Name of the protein that is the precursor to keratin,,,,,,,Eleidin,Anatomy & Physiology,10 - Skin
ANAT9240,Anatomy & Physiology,P,The stratum of the epidermis that is only found in thick skin,,,,,,,Stratum Lucidum,Anatomy & Physiology,10 - Skin
ANAT9240,Anatomy & Physiology,P,The stratum of the epidermis that contains cells that produce large amounts of keratin and/or its precursor,,,,,,,Stratum Spinosum,Anatomy & Physiology,10 - Skin
ANAT9240,Anatomy & Physiology,P,The dermal structure (effectively bumps) that serves to increase the surface area between the dermis and epidermis to prevent issues such as blisters,,,,,,,Papillae,Anatomy & Physiology,10 - Skin
ANAT9240,Anatomy & Physiology,P,The primary cell found in the epidermis,,,,,,,Keratinocyte,Anatomy & Physiology,10 - Skin
ANAT9240,Anatomy & Physiology,P,"When multiple keratin proteins assemble into larger and larger structures, they create an intermediate one of these",,,,,,,Filament,Anatomy & Physiology,10 - Skin
ANAT9240,Anatomy & Physiology,P,Oil-based substance secreted by the sebaceous glands,,,,,,,Sebum,Anatomy & Physiology,10 - Skin
ANAT9240,Anatomy & Physiology,P,The layer of skin that contains sensory receptors and blood vessels,,,,,,,Dermis,Anatomy & Physiology,10 - Skin
ANAT9240,Anatomy & Physiology,P,Thick skin has these types of ridges that are not seen in thin skin,,,,,,,Friction Ridges,Anatomy & Physiology,10 - Skin
ANAT9240,Anatomy & Physiology,P,The organelle that melanin works to protect from UV radiation,,,,,,,Nucleus,Anatomy & Physiology,10 - Skin
ANAT9240,Anatomy & Physiology,P,The layer of the dermis that touches the dermoepidermal junction,,,,,,,Papillary Layer,Anatomy & Physiology,10 - Skin
ANAT9240,Anatomy & Physiology,P,Two keratin proteins bound together are said to make this type of protein structure,,,,,,,Dimer,Anatomy & Physiology,10 - Skin
ANAT9240,Anatomy & Physiology,P,The stratum of the epidermis that contain granules which serve to link keratin filaments together,,,,,,,Stratum Granulosum,Anatomy & Physiology,10 - Skin
ANAT9240,Anatomy & Physiology,P,The muscle that causes your hair to stand up off of your skin,,,,,,,Arrector Pili,Anatomy & Physiology,10 - Skin
ANAT9240,Anatomy & Physiology,P,A blue tint to the skin generally caused by poor circulation and low blood oxygenation,,,,,,,Cyanosis,Anatomy & Physiology,10 - Skin
ANAT9240,Anatomy & Physiology,P,The type of protein found in surface film and serves as an antimicrobial agent,,,,,,,Defensin,Anatomy & Physiology,10 - Skin
ANAT9240,Anatomy & Physiology,P,When hair loss is caused by autoimmune attack,,,,,,,Alopecia,Anatomy & Physiology,10 - Skin
ANAT9240,Anatomy & Physiology,P,"The major protein family in skin tissue that consists of over 50 different proteins, largely grouped into ""Type I"" or ""Type II""",,,,,,,Keratin,Anatomy & Physiology,10 - Skin
ANAT9240,Anatomy & Physiology,P,The white crescent found under the nail bed,,,,,,,Lunula,Anatomy & Physiology,10 - Skin
ANAT9240,Anatomy & Physiology,P,Using an ice pack to cool your forehead is an example of thermoregulation using this type of mechanism,,,,,,,Conduction,Anatomy & Physiology,10 - Skin
ANAT9240,Anatomy & Physiology,P,Ringworm is caused by this type of microorganism,,,,,,,Fungus,Anatomy & Physiology,10 - Skin
ANAT9240,Anatomy & Physiology,P,The layer of the dermis that contains glands and follicles,,,,,,,Reticular Layer,Anatomy & Physiology,10 - Skin
ANAT9240,Anatomy & Physiology,P,Epithelial tissue that consists of layers of cells is said to be this,,,,,,,Stratified,Anatomy & Physiology,10 - Skin
ANAT9240,Anatomy & Physiology,P,Genetic condition that results in the lack of melanin,,,,,,,Albanism,Anatomy & Physiology,10 - Skin
ANAT9240,Anatomy & Physiology,P,Melanin subtype that is light orange or red in colour,,,,,,,Pheomelanin,Anatomy & Physiology,10 - Skin
ANAT9240,Anatomy & Physiology,P,The type of cell that is responsible for skin pigmentation,,,,,,,Melanocyte,Anatomy & Physiology,10 - Skin
ANAT9240,Anatomy & Physiology,P,The type of junction that joins cells together by fusing networks of actin together in neighbouring cells,,,,,,,Adherens Junction,Anatomy & Physiology,10 - Skin
ANAT9240,Anatomy & Physiology,P,"After creating the Vitamin D precursor in the skin, production continues in this organ",,,,,,,Liver,Anatomy & Physiology,10 - Skin
ANAT9240,Anatomy & Physiology,P,Type of junction that cements cells to the extracellular matrix rather than to a neighbouring cell,,,,,,,Hemidesmosome,Anatomy & Physiology,10 - Skin
ANAT9240,Anatomy & Physiology,P,These bodies secrete lipids to aid in water repulsion,,,,,,,Lamellar Bodies,Anatomy & Physiology,10 - Skin
ANAT9240,Anatomy & Physiology,P,Melanocytes produce pigments and package it into these types of vesicles,,,,,,,Melanosomes,Anatomy & Physiology,10 - Skin
ANAT9240,Anatomy & Physiology,P,Warts are caused by this type of virus,,,,,,,Papilloma,Anatomy & Physiology,10 - Skin
ANAT9240,Anatomy & Physiology,P,"While not a major factor in skin colour, this protein can cause a blue tint to some regions of skin",,,,,,,Hemoglobin,Anatomy & Physiology,10 - Skin
ANAT9240,Anatomy & Physiology,P,The type of pigment (also used in digestion and produced in the liver) that causes a bruise to turn green or yellow,,,,,,,Bile,Anatomy & Physiology,10 - Skin
ANAT9240,Anatomy & Physiology,P,The layer of skin that is considered most superficial,,,,,,,Epidermis,Anatomy & Physiology,10 - Skin
ANAT9240,Anatomy & Physiology,P,Redirecting blood flow to the skin on a windy day would be an example of this mechanism of thermoregulation,,,,,,,Convection,Anatomy & Physiology,10 - Skin
ANAT9240,Anatomy & Physiology,P,Melanin subtype that is very dark and brown/black in colour,,,,,,,Eumelanin,Anatomy & Physiology,10 - Skin
ANAT9240,Anatomy & Physiology,P,"Dry, itchy patches that bulge into scales",,,,,,,Psoriasis,Anatomy & Physiology,10 - Skin
ANAT9240,Anatomy & Physiology,P,The layer of root sheath that physically touches the hair shaft in the follicle,,,,,,,Epithelial Layer,Anatomy & Physiology,10 - Skin
ANAT9240,Anatomy & Physiology,P,Vitamin D is also known as this substance (hint: one function of Vitamin D is to regulate calcium),,,,,,,Calcitriol,Anatomy & Physiology,10 - Skin
ANAT9240,Anatomy & Physiology,P,This layer of skin is mostly made up of adipose cells,,,,,,,Hypodermis,Anatomy & Physiology,10 - Skin
ANAT9240,Anatomy & Physiology,P,Term used to describe the shape of cells in skin tissue - flatten and thin,,,,,,,Squamous,Anatomy & Physiology,10 - Skin
ANAT9240,Anatomy & Physiology,P,The major gland that regulates body temperature through sweating,,,,,,,Eccrine Glands,Anatomy & Physiology,10 - Skin
ANAT9240,Anatomy & Physiology,P,An aggressive form of skin cancer,,,,,,,Melanoma,Anatomy & Physiology,10 - Skin
ANAT9240,Anatomy & Physiology,P,Meissner and Pacinian corpuscles are sensory receptors for this type of sensation,,,,,,,Pressure,Anatomy & Physiology,10 - Skin
ANAT9240,Anatomy & Physiology,P,The formal term for the type of gland that produces ear wax,,,,,,,Ceruminous Gland,Anatomy & Physiology,10 - Skin
ANAT9240,Anatomy & Physiology,P,The base of a hair follicle,,,,,,,Root,Anatomy & Physiology,10 - Skin
ANAT9240,Anatomy & Physiology,P,The stratum of the epidermis that is exposed to the external environment,,,,,,,Stratum Corneum,Anatomy & Physiology,10 - Skin
ANAT9240,Anatomy & Physiology,P,"Highly contagious bacterial infection of the skin that produces yellow, crusty blisters",,,,,,,Impetigo,Anatomy & Physiology,10 - Skin
ANAT9240,Anatomy & Physiology,P,"Lines that give skin a ""grain"" or texture where fibres are orientated in a particular direction",,,,,,,Cleavage Lines,Anatomy & Physiology,10 - Skin
ANAT9240,Anatomy & Physiology,P,Type of gland that is found in a hair follicle,,,,,,,Sebaceous Gland,Anatomy & Physiology,10 - Skin
ANAT9240,Anatomy & Physiology,P,The stratum of the epidermis that contains cells undergoing division,,,,,,,Stratum Basale,Anatomy & Physiology,10 - Skin
ANAT9240,Anatomy & Physiology,P,The epidermis and the dermis are joined by the…?,Dermoepidermal Junction,Papillary Layer,Reticular Layer,Stratum Corneum,Fibroblasts,,A,Anatomy & Physiology,10 - Skin
ANAT9240,Anatomy & Physiology,P,Which cell type is the most abundant in the epidermis?,Keratinocytes,Melanocytes,Dendritic Cells,Nerve Cells,Fibroblasts,,A,Anatomy & Physiology,10 - Skin
ANAT9240,Anatomy & Physiology,P,What is the more superficial layer of the dermis?,Papillary Layer,Stratum Corneum,Reticular Layer,Stratum Basale,Dermoepidermal Junction,,A,Anatomy & Physiology,10 - Skin
ANAT9240,Anatomy & Physiology,P,What is the most superficial layer of the epidermis?,Stratum Spinosum,Stratum Basale,Stratum Lucidum,Stratum Granulosum,Stratum Corneum,,E,Anatomy & Physiology,10 - Skin
ANAT9240,Anatomy & Physiology,P,Which layer of the epidermis do cells undergo mitosis?,Stratum Spinosum,Stratum Basale,Stratum Lucidum,Stratum Granulosum,Stratum Corneum,,B,Anatomy & Physiology,10 - Skin
ANAT9240,Anatomy & Physiology,P,Which layer is thicker in the dermis?,Papillary Layer,Stratum Corneum,Reticular Layer,Stratum Basale,Dermoepidermal Junction,,C,Anatomy & Physiology,10 - Skin
ANAT9240,Anatomy & Physiology,P,The hypodermis is mostly made up of which type of tissue?,Muscle,Adipose,Nerve,Epithelial,,,B,Anatomy & Physiology,10 - Skin
ANAT9240,Anatomy & Physiology,P,A callus can result from…?,Increased rates of mitosis,Increased exposure to water,Changes in microbiota of the surface film,Burns,,,A,Anatomy & Physiology,10 - Skin
ANAT9240,Anatomy & Physiology,P,Beta-carotene can change which property of the skin?,Elasticity,Strength,Rates of mitosis,Waterproofing,Pigment,,E,Anatomy & Physiology,10 - Skin
ANAT9240,Anatomy & Physiology,P,The outermost layer of hair is known as the…?,Cuticle,Shaft,Medulla,Cortex,,,A,Anatomy & Physiology,10 - Skin
ANAT9240,Anatomy & Physiology,P,Which type of gland is responsible for body odour?,Sudoriferous,Eccrine,Sebaceous,Apocrine,All glands can produce odour,,D,Anatomy & Physiology,10 - Skin
ANAT9240,Anatomy & Physiology,P,What degrees of burns only damage portions of the integument rather than all layers?,1st and 2nd,2nd and 3rd,3rd and 4th,Only 4th,,,A,Anatomy & Physiology,10 - Skin
ANAT9240,Anatomy & Physiology,P,Eleidin is a protein which is a precursor for…?,Melanin,Collagen,Elastin,Keratin,,,D,Anatomy & Physiology,10 - Skin
ANAT9240,Anatomy & Physiology,P,Defensins are typically found where?,Epidermis,Surface film,Dermis,Hypodermis,,,B,Anatomy & Physiology,10 - Skin
ANAT9240,Anatomy & Physiology,P,Which protein provides strength to the dermis?,Collagen,Elastin,Melanin,Keratin,,,A,Anatomy & Physiology,10 - Skin
ANAT9240,Anatomy & Physiology,P,Sensory receptors are typically found in the…?,Surface film,Epidermis,Dermis,Hypodermis,,,C,Anatomy & Physiology,10 - Skin
ANAT9240,Anatomy & Physiology,P,As we age which layer of the integument tends to get thinner?,Surface film,Epidermis,Dermis,Hypodermis,,,B,Anatomy & Physiology,10 - Skin
ANAT9240,Anatomy & Physiology,P,Age spots are thought to be caused by mutations in which cells?,Melanocytes,Keratinocytes,Dermal Cells,Hypodermal Cells,,,A,Anatomy & Physiology,10 - Skin
ANAT9240,Anatomy & Physiology,P,Pseudostratified columnar epithelium has only one layer of oddly shaped columnar cells.,TRUE,FALSE,,,,,A,Anatomy & Physiology,10 - Skin
ANAT9240,Anatomy & Physiology,P,The chemical composition of surface film is consistent across the body.,TRUE,FALSE,,,,,B,Anatomy & Physiology,10 - Skin
ANAT9240,Anatomy & Physiology,P,Which type of melanin process a red tint?,Pheomelanin,Eumelanin,,,,,A,Anatomy & Physiology,10 - Skin
ANAT9240,Anatomy & Physiology,P,Which layer of the integument does not normally regenerate?,Dermis,Epidermis,,,,,A,Anatomy & Physiology,10 - Skin
ANAT9240,Anatomy & Physiology,P,"The arrangement of fibers in the dermis imparts an orientation or “grain” to the skin, which can play a role in scar formation from incisions. These orientations are known as:",Cleavage Lines,Friction Lines,,,,,A,Anatomy & Physiology,10 - Skin
ANAT9240,Anatomy & Physiology,T,The two main layers that compose the skin are the dermis and the…?,Epidermis,Hypodermis,Subcutaneous,Superficial Fascia,,,A,Anatomy & Physiology,10 - Skin
ANAT9240,Anatomy & Physiology,T,"The epidermis is composed of several types of epithelial cells. One type, called keratinocytes, become filled with a tough, fibrous protein called…?",Stratum Lucidum,Keratin,Eleidin,Melanin,,,B,Anatomy & Physiology,10 - Skin
ANAT9240,Anatomy & Physiology,T,Each hair follicle has a small bundle of involuntary muscles attached to it called the…?,Dermal Papillae,Arrector Pili,Microvilli,Smooth Muscle,,,B,Anatomy & Physiology,10 - Skin
ANAT9240,Anatomy & Physiology,T,The structure that lies deep to the dermis and forms a connection between the skin and the underlying structures of the body is the…?,Hypodermis,Cleavage Line,Dermal Papillae,Hyperdermis,,,A,Anatomy & Physiology,10 - Skin
ANAT9240,Anatomy & Physiology,T,The basic determinant of skin color is…?,Melanin,Tyrosine,Mucus,Keratin,,,A,Anatomy & Physiology,10 - Skin
ANAT9240,Anatomy & Physiology,T,Which of the following is not a function of the skin?,Contraction,Protection,Sensation,Temperature Regulation,,,A,Anatomy & Physiology,10 - Skin
ANAT9240,Anatomy & Physiology,T,The shedding of epithelial elements from the skin surface is called…?,Lubrication,Hydration,Desquamation,Buffering,,,C,Anatomy & Physiology,10 - Skin
ANAT9240,Anatomy & Physiology,T,The first step in the production of vitamin D in the body…,is the transportation of cholecalciferol to the liver and kidneys.,occurs when the melanin synthesizes vitamin D.,occurs when the skin is exposed to UV light.,occurs with the conversion of vitamin D into an active form.,,,C,Anatomy & Physiology,10 - Skin
ANAT9240,Anatomy & Physiology,T,Which of the following respond(s) to signals by acting in ways to promote heat loss through the skin?,Melanin,Blood Vessels,Both Sweat Glands and Blood Vessels are correct,Sweat Glands,,,C,Anatomy & Physiology,10 - Skin
ANAT9240,Anatomy & Physiology,T,"Around the sixth month of pregnancy, the developing fetus is almost entirely covered by a fine soft hair coat called the…?",Papilla,Lanugo,Sebum,Vellus,,,B,Anatomy & Physiology,10 - Skin
ANAT9240,Anatomy & Physiology,T,The skin glands include three kinds of microscopic glands. They are the __________ glands.,"sweat, eccrine, and sebaceous","sebaceous, eccrine, and ceruminous","sweat, eccrine, and ceruminous","sweat, sebaceous, and ceruminous",,,D,Anatomy & Physiology,10 - Skin
ANAT9240,Anatomy & Physiology,T,The mixed secretions of sebaceous and ceruminous glands form a brown waxy substance called the…?,Keratin,Melanin,Cerumen,Sebum,,,C,Anatomy & Physiology,10 - Skin
ANAT9240,Anatomy & Physiology,P,The 12 vertebrae that make up the medial section of the human spine,,,,,,,Thoracic Vertebrae,Anatomy & Physiology,12 - Axial Skeleton
ANAT9240,Anatomy & Physiology,P,"The subdivision of the skeleton that contains the skull, ribs, and vertebral column",,,,,,,Axial Skeleton,Anatomy & Physiology,12 - Axial Skeleton
ANAT9240,Anatomy & Physiology,P,"As we age, the amount of this type of bone marrow increases",,,,,,,Yellow Marrow,Anatomy & Physiology,11 - Skeletal Tissues
ANAT9240,Anatomy & Physiology,P,The type of bone that is the final result of bone healing after remodeling has taken place,,,,,,,Lamellar,Anatomy & Physiology,11 - Skeletal Tissues
ANAT9240,Anatomy & Physiology,P,The bone that sits under your ear,,,,,,,Temporal Bone,Anatomy & Physiology,12 - Axial Skeleton
ANAT9240,Anatomy & Physiology,P,The group of bones that make up your palm,,,,,,,Metacarpals,Anatomy & Physiology,13 - Appendicular Skeleton
ANAT9240,Anatomy & Physiology,P,"In anatomical position, the forearm bone that is lateral",,,,,,,Radius,Anatomy & Physiology,13 - Appendicular Skeleton
ANAT9240,Anatomy & Physiology,P,The movement describing decreasing the angle of your elbow joint,,,,,,,Flexion,Anatomy & Physiology,14 - Articulations
ANAT9240,Anatomy & Physiology,P,"During bone healing, the first layer of bone that is laid down is unorganized and described as this type of bone",,,,,,,Woven Bone,Anatomy & Physiology,11 - Skeletal Tissues
ANAT9240,Anatomy & Physiology,P,Curvature of the spine causing the shoulders to be pulled backward,,,,,,,Kyphosis,Anatomy & Physiology,12 - Axial Skeleton
ANAT9240,Anatomy & Physiology,P,"In anatomical position, the forearm bone that is medial",,,,,,,Ulna,Anatomy & Physiology,13 - Appendicular Skeleton
ANAT9240,Anatomy & Physiology,P,The joints between the teeth and the jaw,,,,,,,Gomphoses,Anatomy & Physiology,14 - Articulations
ANAT9240,Anatomy & Physiology,P,These are highly mobile joints,,,,,,,Diarthroses,Anatomy & Physiology,14 - Articulations
ANAT9240,Anatomy & Physiology,P,The type of osteocyte that degrades bone and elevates blood calcium levels,,,,,,,Osteoclast,Anatomy & Physiology,11 - Skeletal Tissues
ANAT9240,Anatomy & Physiology,P,The name given to the furthest phalanges,,,,,,,Distal,Anatomy & Physiology,13 - Appendicular Skeleton
ANAT9240,Anatomy & Physiology,P,"The classification of bone that makes up the ribs, sternum, and skull",,,,,,,Flat Bone,Anatomy & Physiology,11 - Skeletal Tissues
ANAT9240,Anatomy & Physiology,P,These are immoveable joints,,,,,,,Synarthroses,Anatomy & Physiology,14 - Articulations
ANAT9240,Anatomy & Physiology,P,"The formal term for ""bone""",,,,,,,Osseous,Anatomy & Physiology,11 - Skeletal Tissues
ANAT9240,Anatomy & Physiology,P,The bone of the foot that supports most of your weight from the tibia,,,,,,,Talus,Anatomy & Physiology,13 - Appendicular Skeleton
ANAT9240,Anatomy & Physiology,P,"In anatomical position, this shin bone is medial",,,,,,,Tibia,Anatomy & Physiology,13 - Appendicular Skeleton
ANAT9240,Anatomy & Physiology,P,"If bones are no longer growing in length, then the epiphysial plate is said to be this",,,,,,,Fused,Anatomy & Physiology,11 - Skeletal Tissues
ANAT9240,Anatomy & Physiology,P,The most mobile joint in the body,,,,,,,Synovial Joint,Anatomy & Physiology,14 - Articulations
ANAT9240,Anatomy & Physiology,P,The bone that makes the upper part of the pelvis,,,,,,,Ilium,Anatomy & Physiology,13 - Appendicular Skeleton
ANAT9240,Anatomy & Physiology,P,The type of bone joints found in the skull,,,,,,,Sutures,Anatomy & Physiology,14 - Articulations
ANAT9240,Anatomy & Physiology,P,The term used to describe moving your arm in a circle,,,,,,,Circumduction,Anatomy & Physiology,14 - Articulations
ANAT9240,Anatomy & Physiology,P,The supporting packets of synovial fluid that support and stabilize a joint,,,,,,,Bursae,Anatomy & Physiology,14 - Articulations
ANAT9240,Anatomy & Physiology,P,"The ""ends"" of long bones",,,,,,,Epiphysis,Anatomy & Physiology,11 - Skeletal Tissues
ANAT9240,Anatomy & Physiology,P,The small spaces in solid bone where osteocytes live,,,,,,,Lacunae,Anatomy & Physiology,11 - Skeletal Tissues
ANAT9240,Anatomy & Physiology,P,One of the bones that makes up the shoulder girdle with the clavicle,,,,,,,Scapula,Anatomy & Physiology,13 - Appendicular Skeleton
ANAT9240,Anatomy & Physiology,P,The bone that would hold your upper lip,,,,,,,Maxilla,Anatomy & Physiology,12 - Axial Skeleton
ANAT9240,Anatomy & Physiology,P,The membrane that covers a bone on the exterior,,,,,,,Periosteum,Anatomy & Physiology,11 - Skeletal Tissues
ANAT9240,Anatomy & Physiology,P,The internal membrane that lines the medullary cavity of a bone,,,,,,,Endosteum,Anatomy & Physiology,11 - Skeletal Tissues
ANAT9240,Anatomy & Physiology,P,The 7 vertebrae that make up the superior section of the human spine,,,,,,,Cervical Vertebrae,Anatomy & Physiology,12 - Axial Skeleton
ANAT9240,Anatomy & Physiology,P,A disease where the density of bone descreases as you age (common in women),,,,,,,Osteoporosis,Anatomy & Physiology,11 - Skeletal Tissues
ANAT9240,Anatomy & Physiology,P,The classification of bone that would describe a vertebral bone,,,,,,,Irregular Bone,Anatomy & Physiology,11 - Skeletal Tissues
ANAT9240,Anatomy & Physiology,P,The section of a bone that would contain yellow marrow,,,,,,,Diaphysis,Anatomy & Physiology,11 - Skeletal Tissues
ANAT9240,Anatomy & Physiology,P,The type of fracture only seen in children,,,,,,,Greenstick,Anatomy & Physiology,11 - Skeletal Tissues
ANAT9240,Anatomy & Physiology,P,"The central pathway of an osteon for blood, nervous, and lymphatic vessels",,,,,,,Central Canal,Anatomy & Physiology,11 - Skeletal Tissues
ANAT9240,Anatomy & Physiology,P,The type of cartilage that is found at the end of long bones,,,,,,,Articular Cartilage,Anatomy & Physiology,11 - Skeletal Tissues
ANAT9240,Anatomy & Physiology,P,The group of bones that make up your wrist,,,,,,,Carpals,Anatomy & Physiology,13 - Appendicular Skeleton
ANAT9240,Anatomy & Physiology,P,The movement describing rotating your wrist so that your palms face upward,,,,,,,Supination,Anatomy & Physiology,14 - Articulations
ANAT9240,Anatomy & Physiology,P,The type of marrow that produces blood cells and typically found in cancellous bone tissue,,,,,,,Red Marrow,Anatomy & Physiology,11 - Skeletal Tissues
ANAT9240,Anatomy & Physiology,P,The only type of bone growth an adult can undergo,,,,,,,Appositional,Anatomy & Physiology,11 - Skeletal Tissues
ANAT9240,Anatomy & Physiology,P,Additional pads of tissue that help bones to remain aligned and move freely,,,,,,,Menisci,Anatomy & Physiology,14 - Articulations
ANAT9240,Anatomy & Physiology,P,Excessive curvature of the spin which causes the hips to hotate up and behind,,,,,,,Lordosis,Anatomy & Physiology,12 - Axial Skeleton
ANAT9240,Anatomy & Physiology,P,The bone that serves as your forehead,,,,,,,Frontal Bone,Anatomy & Physiology,12 - Axial Skeleton
ANAT9240,Anatomy & Physiology,P,The demineralization of bone in children,,,,,,,Rickets,Anatomy & Physiology,11 - Skeletal Tissues
ANAT9240,Anatomy & Physiology,P,The type of fracture where a tendon has ripped off a piece of bone,,,,,,,Avulsed,Anatomy & Physiology,11 - Skeletal Tissues
ANAT9240,Anatomy & Physiology,P,The type of fracture that results in mutiple bone pieces,,,,,,,Comminuted,Anatomy & Physiology,11 - Skeletal Tissues
ANAT9240,Anatomy & Physiology,P,The name given to a flat bone's internal and external sides that touch surrounding tissue,,,,,,,Tables,Anatomy & Physiology,11 - Skeletal Tissues
ANAT9240,Anatomy & Physiology,P,"This type of substance is a combination of collagin, chondroitin, and glucosamine, and makes up the organic matrix of bone",,,,,,,Ground Substance,Anatomy & Physiology,11 - Skeletal Tissues
ANAT9240,Anatomy & Physiology,P,The name of the cartilaginous tissue that serves as a temporary scaffold for bone healing,,,,,,,Procallus,Anatomy & Physiology,11 - Skeletal Tissues
ANAT9240,Anatomy & Physiology,P,The name of the joint that makes up the disks in your spine,,,,,,,Symphyses,Anatomy & Physiology,14 - Articulations
ANAT9240,Anatomy & Physiology,P,The facial bone that sits above the hard palate,,,,,,,Vomer,Anatomy & Physiology,12 - Axial Skeleton
ANAT9240,Anatomy & Physiology,P,The branching or criss crossed pattern of tissue seen in cancellous bone,,,,,,,Trabeculae,Anatomy & Physiology,11 - Skeletal Tissues
ANAT9240,Anatomy & Physiology,P,The bone in your upper body that has no direct link to another bone,,,,,,,Hyoid Bone,Anatomy & Physiology,12 - Axial Skeleton
ANAT9240,Anatomy & Physiology,P,Moving a limb towards the body,,,,,,,Adduction,Anatomy & Physiology,14 - Articulations
ANAT9240,Anatomy & Physiology,P,The classification of bone that would describe the patella,,,,,,,Sesamoid Bone,Anatomy & Physiology,11 - Skeletal Tissues
ANAT9240,Anatomy & Physiology,P,The type of lamellae that look like tree rings around each osteon,,,,,,,Concentric,Anatomy & Physiology,11 - Skeletal Tissues
ANAT9240,Anatomy & Physiology,P,What most people would call the thigh bone,,,,,,,Femur,Anatomy & Physiology,13 - Appendicular Skeleton
ANAT9240,Anatomy & Physiology,P,The bone that makes up your lower jaw,,,,,,,Mandible,Anatomy & Physiology,12 - Axial Skeleton
ANAT9240,Anatomy & Physiology,P,The type of stem cell that can produce many types of osteocytes,,,,,,,Osteogenic Cells,Anatomy & Physiology,11 - Skeletal Tissues
ANAT9240,Anatomy & Physiology,P,The fused bones that make up your tailbone,,,,,,,Coccyx,Anatomy & Physiology,12 - Axial Skeleton
ANAT9240,Anatomy & Physiology,P,The name of the inorganic crystals that make up the minteral component of bone,,,,,,,Hydroxyapatite,Anatomy & Physiology,11 - Skeletal Tissues
ANAT9240,Anatomy & Physiology,P,The open spaces seen between bones in an infant's skull,,,,,,,Fontanel,Anatomy & Physiology,14 - Articulations
ANAT9240,Anatomy & Physiology,P,The description of ribs not directly attached to the sternum,,,,,,,False Ribs,Anatomy & Physiology,12 - Axial Skeleton
ANAT9240,Anatomy & Physiology,P,The 5 vertebrae that make up the inferior section of the human spine,,,,,,,Lumbar Vertebrae,Anatomy & Physiology,12 - Axial Skeleton
ANAT9240,Anatomy & Physiology,P,A feature of a bone meaning a large bump for a muscle attachment,,,,,,,Trochanter,Anatomy & Physiology,13 - Appendicular Skeleton
ANAT9240,Anatomy & Physiology,P,Formal term for fingers and toes,,,,,,,Phalanges,Anatomy & Physiology,13 - Appendicular Skeleton
ANAT9240,Anatomy & Physiology,P,The description of a bone like the radius,,,,,,,Long Bone,Anatomy & Physiology,11 - Skeletal Tissues
ANAT9240,Anatomy & Physiology,P,"The formal name for the layers of bone matrix that make ""rings""",,,,,,,Lamellae,Anatomy & Physiology,11 - Skeletal Tissues
ANAT9240,Anatomy & Physiology,P,"What are the spaces inside the cancellous bone of short, flat, irregular, and sesamoid bones filled with?",Red Marrow,Adipose Cells,Yellow Marrow,Periosteum,Extracellular Matrix,,A,Anatomy & Physiology,11 - Skeletal Tissues
ANAT9240,Anatomy & Physiology,P,Which of the following facial bones are unpaired?,Vomer,Nasal,Zygomatic,Maxilla,,,A,Anatomy & Physiology,12 - Axial Skeleton
ANAT9240,Anatomy & Physiology,P,The manubrium articulates with which bone?,Xiphoid Process,Clavicle,Thoracic Vertebra,Mandible,Scapula,,B,Anatomy & Physiology,13 - Appendicular Skeleton
ANAT9240,Anatomy & Physiology,P,Which group of joints is the least moveable?,Synarthroses,Amphiarthroses,Diarthroses,,,,A,Anatomy & Physiology,14 - Articulations
ANAT9240,Anatomy & Physiology,P,Synovial fluid is made by the cells of the…?,Joint Capsule,Synovial Membrane,Articular Cartilage,Surrounding Ligaments,,,B,Anatomy & Physiology,14 - Articulations
ANAT9240,Anatomy & Physiology,P,Bursae are found inside a joint.,TRUE,FALSE,,,,,A,Anatomy & Physiology,14 - Articulations
ANAT9240,Anatomy & Physiology,P,Epiphyseal plates ossify within the first two years of life.,TRUE,FALSE,,,,,B,Anatomy & Physiology,11 - Skeletal Tissues
ANAT9240,Anatomy & Physiology,P,Which forearm bone is in line with the thumb?,Radius,Ulna,,,,,A,Anatomy & Physiology,13 - Appendicular Skeleton
ANAT9240,Anatomy & Physiology,P,The sphenoid sinuses are large mucosa-lined spaces.,TRUE,FALSE,,,,,A,Anatomy & Physiology,12 - Axial Skeleton
ANAT9240,Anatomy & Physiology,P,An older individual would most likely have more of this marrow compared to a younger individual,Red,Yellow,,,,,B,Anatomy & Physiology,11 - Skeletal Tissues
ANAT9240,Anatomy & Physiology,T,Spongy bone is characterized by…?,a dense and solid appearance,a soft and flexible gel-like appearance,a dense and compact substance,open spaces partially filled by an assemblage of needle-like structures,,,D,Anatomy & Physiology,11 - Skeletal Tissues
ANAT9240,Anatomy & Physiology,T,Which of the following is not a type of bone?,Short,Regular,Flat,Long,Irregular,,B,Anatomy & Physiology,11 - Skeletal Tissues
ANAT9240,Anatomy & Physiology,T,The main shaft-like portion of a long bone is the…?,Periosteum,Epiphysis,Diaphysis,Articular Cartilage,,,C,Anatomy & Physiology,11 - Skeletal Tissues
ANAT9240,Anatomy & Physiology,T,"The dense, white fibrous membrane that covers bone except at joint surfaces is the…?",Diaphysis,Epiphysis,Articular Cartilage,Periosteum,,,D,Anatomy & Physiology,11 - Skeletal Tissues
ANAT9240,Anatomy & Physiology,T,The extracellular components of bone matrix are…?,Hard and Calcified,Hard and Decalcified,Soft and Calcified,Soft and Decalcified,,,A,Anatomy & Physiology,11 - Skeletal Tissues
ANAT9240,Anatomy & Physiology,T,An age-related skeletal disease that is characterized by loss of bone mineral density and increased bone fragility is…?,Paget's Disease,Osteoporosis,Osteomalacia,Neoplasms,,,B,Anatomy & Physiology,11 - Skeletal Tissues
ANAT9240,Anatomy & Physiology,T,Compact bone contains many cylinder-shaped structural units called…?,Osteons,Lamellae,Canaliculi,Lacunae,,,A,Anatomy & Physiology,11 - Skeletal Tissues
ANAT9240,Anatomy & Physiology,T,Small cells that synthesize and secrete a specialized organic matrix are…?,Osteoblasts,Osteocytes,Osteons,Osteoclasts,,,A,Anatomy & Physiology,11 - Skeletal Tissues
ANAT9240,Anatomy & Physiology,T,"Bone marrow is a specialized type of soft, diffuse connective tissue called…?",Myeloid Tissue,Hyaline Cartilage,Elastic Cartilage,Fibrocartilage,,,A,Anatomy & Physiology,11 - Skeletal Tissues
ANAT9240,Anatomy & Physiology,T,The following are functions of bone except for…?,Support,All of these are functions of bone,Mineral Storage,Protection,Hematopoiesis,,B,Anatomy & Physiology,11 - Skeletal Tissues
ANAT9240,Anatomy & Physiology,T,Most bones of the body are formed from cartilage models in a process called…?,Osteogenesis,Endochondral Ossification,Intramembranous Ossification,Histogenesis,,,B,Anatomy & Physiology,11 - Skeletal Tissues
ANAT9240,Anatomy & Physiology,T,Calcification of the organic bone matrix occurs when…?,Complex calcium salts are deposited in the matrix,Complex calcium salts are removed,Calcium is replaced by phosphorus,Calcium is replaced by myeloid tissue,,,A,Anatomy & Physiology,11 - Skeletal Tissues
ANAT9240,Anatomy & Physiology,T,"Until bone growth in length is complete, a layer of the cartilage, known as the _____, remains between the epiphysis and diaphysis",Ossification Plate,Epiphyseal Plate,Proliferating Zone,Zone of Hypertrophy,,,B,Anatomy & Physiology,11 - Skeletal Tissues
ANAT9240,Anatomy & Physiology,T,Bones grow in diameter by the combined action of which two of the three bone cell types?,Osteocytes & Osteons,Osteoblasts & Osteoclasts,Osteoclasts & Osteocytes,Osteoblasts & Osteocytes,,,B,Anatomy & Physiology,11 - Skeletal Tissues
ANAT9240,Anatomy & Physiology,T,Cartilage is classified as _____ tissue,Epithelial,Muscle,Nerve,Connective,,,D,Anatomy & Physiology,11 - Skeletal Tissues
ANAT9240,Anatomy & Physiology,T,The most common type of cartilage is…?,Chondrocytes,Elastic,Fibrocartilage,Hyaline,,,D,Anatomy & Physiology,11 - Skeletal Tissues
ANAT9240,Anatomy & Physiology,T,"_____ fibers are present in all three types of cartilage, but they are most numerous in fibrocartilage",Elastin,Perichondrium,Collagenous,Microtubules,,,C,Anatomy & Physiology,11 - Skeletal Tissues
ANAT9240,Anatomy & Physiology,T,Fibrocartilage can be found in the…?,Middle Ear,Symphysis Pubis,Nasal Cavity,Articular Cartilage,,,B,Anatomy & Physiology,11 - Skeletal Tissues
ANAT9240,Anatomy & Physiology,T,Appositional growth of cartilage occurs when chondrocytes begin to divide and secrete…?,Less Calcium,Additional Calcium,Less Matrix,Additional Matrix,,,D,Anatomy & Physiology,11 - Skeletal Tissues
ANAT9240,Anatomy & Physiology,T,The human skeleton system consists of two divisions. They are…?,Compact & Spongy,Axial & Appendicular,Appendicular & Cranial,Axial & Cranial,,,B,Anatomy & Physiology,12 - Axial Skeleton
ANAT9240,Anatomy & Physiology,T,Which of the following is a bone in the axial skeleton?,Tarsal,Clavicle,Femur,Vertebra,,,D,Anatomy & Physiology,12 - Axial Skeleton
ANAT9240,Anatomy & Physiology,T,Which of the following is a facial bone?,All of these,Zygomatic,Occipital,Parietal,,,B,Anatomy & Physiology,12 - Axial Skeleton
ANAT9240,Anatomy & Physiology,T,Which of the following is not a bone in the skull?,Parietal,Clavicle,Ethmoid,Sphenoid,,,B,Anatomy & Physiology,12 - Axial Skeleton
ANAT9240,Anatomy & Physiology,T,Which bone serves as the keystone in the architecture of the cranium?,Maxilla,Ethmoid,Parietal,Sphenoid,,,D,Anatomy & Physiology,12 - Axial Skeleton
ANAT9240,Anatomy & Physiology,T,The bone that articulates with the temporal bone in the only movable joint of the skull is the…?,Mandible,Zygomatic,Lacrimal,Maxilla,,,A,Anatomy & Physiology,12 - Axial Skeleton
ANAT9240,Anatomy & Physiology,T,Which structures are unique to the fetal skull and provide additional space for molding the head shape as the baby passes through the birth canal?,Trabeculae,Sinuses,Fontanels,Sutures,,,C,Anatomy & Physiology,12 - Axial Skeleton
ANAT9240,Anatomy & Physiology,T,The bone that claims the distinction of being the only bone in the body that articulates with no other bones is the…?,Sternum,Hyoid,Sacral,Coccyx,,,B,Anatomy & Physiology,12 - Axial Skeleton
ANAT9240,Anatomy & Physiology,T,The vertebral bones that support the small (lower section) of the back are the…?,Thoracic Vertebrae,Lumbar Vertebrae,Sacral & Coccyx,Cervical Vertebrae,,,B,Anatomy & Physiology,12 - Axial Skeleton
ANAT9240,Anatomy & Physiology,T,The medial part of the anterior chest wall is supported by a dagger-shaped bone called the…?,Carpal,Sternum,Symphysis Pubis,Humerus,,,B,Anatomy & Physiology,12 - Axial Skeleton
ANAT9240,Anatomy & Physiology,T,"Anteriorly, each rib of the first seven pairs attaches to the…?",Manubrium,Xiphoid Process,Transverse Process,Sternum,,,D,Anatomy & Physiology,12 - Axial Skeleton
ANAT9240,Anatomy & Physiology,T,Why are the last two pairs of false ribs designated as floating ribs?,Floating ribs are only attached indirectly to the sternum,They are not attached to the vertebrae,Floating ribs do not attach even indirectly to the sternum,There is no direct attachment of these ribs to the clavicle,,,C,Anatomy & Physiology,12 - Axial Skeleton
ANAT9240,Anatomy & Physiology,T,A condition that is caused by an abnormally increased roundness in the thoracic curvature is,Kyphosis,Lordosis,Scheuermann Disease,Scoliosis,,,A,Anatomy & Physiology,12 - Axial Skeleton
ANAT9240,Anatomy & Physiology,T,Which of the following is(are) not in the appendicular skeleton?,Tarsals,Femur,Vertebrae,Clavicle,,,C,Anatomy & Physiology,13 - Appendicular Skeleton
ANAT9240,Anatomy & Physiology,T,The humerus articulates proximally with the…?,Clavicle,Scapula,Radius,Ulna,,,B,Anatomy & Physiology,13 - Appendicular Skeleton
ANAT9240,Anatomy & Physiology,T,The two bones that form the framework for the forearm are the…?,Radius & Humerus,Radius & Ulna,Pisiform & Lunate,Ulna & Humerus,,,B,Anatomy & Physiology,13 - Appendicular Skeleton
ANAT9240,Anatomy & Physiology,T,Which of the following bones form the framework of the hand?,Carpals,Metatarsals,Tarsals,Metacarpals,,,D,Anatomy & Physiology,13 - Appendicular Skeleton
ANAT9240,Anatomy & Physiology,T,"Of the five metacarpal bones that form the framework of the hand, the _____ metacarpal forms the most freely movable joint with the carpal bones",Thumb,Trapezium,Distal,Proximal,,,A,Anatomy & Physiology,13 - Appendicular Skeleton
ANAT9240,Anatomy & Physiology,T,Which of these pelvic bones is the most anteriorly placed?,Coccygeal,Ischium,Pubis,Ilium,,,C,Anatomy & Physiology,13 - Appendicular Skeleton
ANAT9240,Anatomy & Physiology,T,Which of the following is not a bone in the leg?,Femur,Fibula,Mandible,Tibia,,,C,Anatomy & Physiology,13 - Appendicular Skeleton
ANAT9240,Anatomy & Physiology,T,The largest sesamoid bone in the body is the…?,Patella,Tibia,Hyoid Bone,Parietal,,,A,Anatomy & Physiology,13 - Appendicular Skeleton
ANAT9240,Anatomy & Physiology,T,Which two bones compose the shoulder girdle?,Clavicle & Scapula,Humerus & Scapula,Humerus & Ulna,Ulna & Clavicle,,,A,Anatomy & Physiology,13 - Appendicular Skeleton
ANAT9240,Anatomy & Physiology,T,"Anatomically speaking, which bones compose the wrist?",Tarsals,Metacarpals,Metatarsals,Carpals,,,D,Anatomy & Physiology,13 - Appendicular Skeleton
ANAT9240,Anatomy & Physiology,T,Which bone is the longest and heaviest bone in the body?,Humerus,Femur,Fibula,Tibia,,,B,Anatomy & Physiology,13 - Appendicular Skeleton
ANAT9240,Anatomy & Physiology,T,The joint between the pubic portions of each coxal bone is the…?,Pelvic Outlet,True Pelvis,Sacroiliac,Pubic Symphysis,,,D,Anatomy & Physiology,13 - Appendicular Skeleton
ANAT9240,Anatomy & Physiology,T,Which lower leg bone is smaller and is located laterally?,Femur,Patella,Fibula,Tibia,,,C,Anatomy & Physiology,13 - Appendicular Skeleton
ANAT9240,Anatomy & Physiology,T,What structures normally hold the foot bones firmly in their arched positions?,Ligaments & Tendons,Ligaments & Cartilage,Muscles & Tendons,Cartilage & Tendons,,,A,Anatomy & Physiology,13 - Appendicular Skeleton
ANAT9240,Anatomy & Physiology,T,"If you are working on an archeological dig and find the remains of a human pelvis with a subpubic angle of 110 degrees, you can assume that this pelvis belongs to a…?",Male,Female,,,,,B,Anatomy & Physiology,13 - Appendicular Skeleton
ANAT9240,Anatomy & Physiology,T,"If a structural classification is used, joints are named according to the type of _____ tissue that joins the bones together",Muscle,Adipose,Connective,Epithelial,,,C,Anatomy & Physiology,14 - Articulations
ANAT9240,Anatomy & Physiology,T,Which subtype of fibrous joints is found only in the skull?,Gomphoses,Syndesmoses,Suture,Synovial,,,C,Anatomy & Physiology,14 - Articulations
ANAT9240,Anatomy & Physiology,T,Joints joined by fibrocartilage are called…?,Gomphoses,Symphyses,Synchrondroses,Sutures,,,B,Anatomy & Physiology,14 - Articulations
ANAT9240,Anatomy & Physiology,T,The joint present during the growth years between the epiphyses of a long bone and its diaphysis is the…?,Synchrondrosis,Suture,Syndesmoses,Symphysis,,,A,Anatomy & Physiology,14 - Articulations
ANAT9240,Anatomy & Physiology,T,Synarthrotic joints are…?,Freely moveable and slightly moveable,Slightly moveable,Immoveable,Freely moveable,,,C,Anatomy & Physiology,14 - Articulations
ANAT9240,Anatomy & Physiology,T,Synovial joints are…?,Freely moveable and slightly moveable,Slightly moveable,Immoveable,Freely moveable,,,D,Anatomy & Physiology,14 - Articulations
ANAT9240,Anatomy & Physiology,T,Which of the following is not among the structures that characterize synovial joints?,Articular Cartilage,Joint Capsule,Tendons,Ligaments,,,C,Anatomy & Physiology,14 - Articulations
ANAT9240,Anatomy & Physiology,T,The shoulder joint is an example of a _____ joint,The shoulder joint is an example of all of these,Freely moveable,Multiaxial,Ball & Socket,,,A,Anatomy & Physiology,14 - Articulations
ANAT9240,Anatomy & Physiology,T,Which of the following is an example of a uniaxial joint?,Joint between the carpal and tarsal bones,Shoulder joint,Elbow joint,Hip joint,,,C,Anatomy & Physiology,14 - Articulations
ANAT9240,Anatomy & Physiology,T,Some synovial joints contain a closed pillow-like structure called a(n)…?,Ligament,Articular Cartilage,Bursa,Meniscus,,,C,Anatomy & Physiology,14 - Articulations
ANAT9240,Anatomy & Physiology,T,The largest and most commonly injured joint in the body is the _____ joint,Shoulder,Elbow,Knee,Hip,,,C,Anatomy & Physiology,14 - Articulations
ANAT9240,Anatomy & Physiology,T,The structure of the knee joint permits movements of…?,Flexion & Circumduction,Extension & Circumduction,Flexion & Extension,None of these,,,C,Anatomy & Physiology,14 - Articulations
ANAT9240,Anatomy & Physiology,T,The joints between the articulating surfaces of the vertebral processes are classified as what type of joint?,Gliding,Immoveable,Ball & Socket,Hinge,,,A,Anatomy & Physiology,14 - Articulations
ANAT9240,Anatomy & Physiology,T,"_____ occurs when the foot is tilted upward, thus decreasing the angle between the top of the foot and the front of the leg",Supination,Extension,Plantar Flexion,Dorsiflexion,,,D,Anatomy & Physiology,14 - Articulations
ANAT9240,Anatomy & Physiology,T,Which type of movement occurs between the carpal and tarsal bones and between the articular facets of adjoining spinal vertebrae?,Circumduction,Rotation,Gliding,Protraction,,,C,Anatomy & Physiology,14 - Articulations
ANAT9240,Anatomy & Physiology,P,Formal term for muscle pain,,,,,,,Myalgia,Anatomy & Physiology,17 - Muscle Contraction
ANAT9240,Anatomy & Physiology,P,The type of tetanus that occurs if a muscle is stimulated such that there is no recovery between twitches,,,,,,,Complete Tetanus,Anatomy & Physiology,17 - Muscle Contraction
ANAT9240,Anatomy & Physiology,P,The type of contraction where a muscle moves a body part,,,,,,,Isotonic Contraction,Anatomy & Physiology,17 - Muscle Contraction
ANAT9240,Anatomy & Physiology,P,Type of tunnel syndrome that is caused by compression of a nerve in the wrist,,,,,,,Carpal Tunnel Syndrome,Anatomy & Physiology,16 - Appendicular Muscles
ANAT9240,Anatomy & Physiology,P,A double-sided feather-like arrangement of muscle fibres,,,,,,,Bipennate,Anatomy & Physiology,15 - Axial Muscles
ANAT9240,Anatomy & Physiology,P,"Formal term for ""muscle cell membrane""",,,,,,,Sarcolemma,Anatomy & Physiology,17 - Muscle Contraction
ANAT9240,Anatomy & Physiology,P,Class of muscle tissue that is found in hollow organs,,,,,,,Smooth Muscle,Anatomy & Physiology,17 - Muscle Contraction
ANAT9240,Anatomy & Physiology,P,A group of muscle fibres within a muscle,,,,,,,Fascicle,Anatomy & Physiology,15 - Axial Muscles
ANAT9240,Anatomy & Physiology,P,The buildup of this metabolic product is an indicator of anaerobic conditions in muscle cells,,,,,,,Lactate,Anatomy & Physiology,17 - Muscle Contraction
ANAT9240,Anatomy & Physiology,P,The protective covering around a muscle cell,,,,,,,Endomysium,Anatomy & Physiology,15 - Axial Muscles
ANAT9240,Anatomy & Physiology,P,"The increasing ""staircase"" like contractions that a muscle produces in response to a series of closely spaced stimuli",,,,,,,Treppe,Anatomy & Physiology,17 - Muscle Contraction
ANAT9240,Anatomy & Physiology,P,The term given to a fibre arrangement that twists between a muscle's points of attachment,,,,,,,Spiral,Anatomy & Physiology,15 - Axial Muscles
ANAT9240,Anatomy & Physiology,P,Formal term for muscle loss from disuse,,,,,,,Atrophy,Anatomy & Physiology,17 - Muscle Contraction
ANAT9240,Anatomy & Physiology,P,Arrangements of myofilaments,,,,,,,Myofibrils,Anatomy & Physiology,17 - Muscle Contraction
ANAT9240,Anatomy & Physiology,P,The protein that makes up thick filaments,,,,,,,Myosin,Anatomy & Physiology,17 - Muscle Contraction
ANAT9240,Anatomy & Physiology,P,Type of cell that fuses with damaged (or recently exercised) muscle fibres and adds another nucleus to the muscle to help in making myofibrils,,,,,,,Satellite Cells,Anatomy & Physiology,17 - Muscle Contraction
ANAT9240,Anatomy & Physiology,P,"A type of contraction where a muscle does not move a body part, but tension in the muscle increases",,,,,,,Isometric Contraction,Anatomy & Physiology,17 - Muscle Contraction
ANAT9240,Anatomy & Physiology,P,A muscle contraction resulting in movement of a body part but lengthening of a muscle (ie. putting down a book),,,,,,,Eccentric Contraction,Anatomy & Physiology,17 - Muscle Contraction
ANAT9240,Anatomy & Physiology,P,Damage to a muscle caused by overexertion,,,,,,,Strain,Anatomy & Physiology,17 - Muscle Contraction
ANAT9240,Anatomy & Physiology,P,A chemical that is released at the Neuromuscular Junction (NMJ),,,,,,,Acetylcholine,Anatomy & Physiology,17 - Muscle Contraction
ANAT9240,Anatomy & Physiology,P,Damage to a joint ligament,,,,,,,Sprain,Anatomy & Physiology,17 - Muscle Contraction
ANAT9240,Anatomy & Physiology,P,The summing of closely spaced contraction such that a muscle remains continually contracted,,,,,,,Tetanus,Anatomy & Physiology,17 - Muscle Contraction
ANAT9240,Anatomy & Physiology,P,A protein that holds tropomyosin onto actin,,,,,,,Troponin,Anatomy & Physiology,17 - Muscle Contraction
ANAT9240,Anatomy & Physiology,P,A type of muscle that works to assist the main muscle responsible for a movement,,,,,,,Synergist,Anatomy & Physiology,15 - Axial Muscles
ANAT9240,Anatomy & Physiology,P,A phase of a muscle twitch that has calcium ions being pumped back into the SR,,,,,,,Relaxation Phase,Anatomy & Physiology,17 - Muscle Contraction
ANAT9240,Anatomy & Physiology,P,Type of tunnel syndrome that is caused by a nerve compression in the elbow,,,,,,,Cubital Tunnel Syndrome,Anatomy & Physiology,16 - Appendicular Muscles
ANAT9240,Anatomy & Physiology,P,Formal term for increasing muscle mass,,,,,,,Hypertrophy,Anatomy & Physiology,17 - Muscle Contraction
ANAT9240,Anatomy & Physiology,P,Oxygen transport protein in muscle cells that dictates whether a muscle will be fast or slow twitch,,,,,,,Myoglobin,Anatomy & Physiology,17 - Muscle Contraction
ANAT9240,Anatomy & Physiology,P,The fundamental units of the muscle cell that shorten when stimulated by a nerve,,,,,,,Sarcomere,Anatomy & Physiology,17 - Muscle Contraction
ANAT9240,Anatomy & Physiology,P,Protrusion of an organ or tissue through a muscle wall,,,,,,,Hernia,Anatomy & Physiology,17 - Muscle Contraction
ANAT9240,Anatomy & Physiology,P,"Formal term for ""muscle cell cytoplasm""",,,,,,,Sarcoplasm,Anatomy & Physiology,17 - Muscle Contraction
ANAT9240,Anatomy & Physiology,P,Connective tissue that anchors tendon sheaths,,,,,,,Pulley,Anatomy & Physiology,15 - Axial Muscles
ANAT9240,Anatomy & Physiology,P,"Speaks to a muscle's ability to recoil, largely due to the protein titin",,,,,,,Elasticity,Anatomy & Physiology,17 - Muscle Contraction
ANAT9240,Anatomy & Physiology,P,A muscle that directly performs a movement,,,,,,,Prime Mover,Anatomy & Physiology,15 - Axial Muscles
ANAT9240,Anatomy & Physiology,P,"A protective and lubricating ""tunnel"" that aids in smooth movement of some tendons",,,,,,,Tendon Sheath,Anatomy & Physiology,15 - Axial Muscles
ANAT9240,Anatomy & Physiology,P,Units in the nervous system that activate to stimulate a muscle,,,,,,,Motor Units,Anatomy & Physiology,17 - Muscle Contraction
ANAT9240,Anatomy & Physiology,P,A phase of a muscle twitch that shows no contraction despite a stimulus being given,,,,,,,Latent Period,Anatomy & Physiology,17 - Muscle Contraction
ANAT9240,Anatomy & Physiology,P,Markings that are visible in skeletal muscle under a microscope,,,,,,,Striations,Anatomy & Physiology,17 - Muscle Contraction
ANAT9240,Anatomy & Physiology,P,Property speaking to a muscle's ability to withstand stretch,,,,,,,Extensibility,Anatomy & Physiology,17 - Muscle Contraction
ANAT9240,Anatomy & Physiology,P,Type of reticulum that stores calcium in muscle fibres,,,,,,,Sarcoplasmic Reticulum,Anatomy & Physiology,17 - Muscle Contraction
ANAT9240,Anatomy & Physiology,P,The outer covering of a muscle that joins to form a tendon,,,,,,,Epimysium,Anatomy & Physiology,15 - Axial Muscles
ANAT9240,Anatomy & Physiology,P,The point of attachment that does move when a muscle is contracted,,,,,,,Insertion Point,Anatomy & Physiology,15 - Axial Muscles
ANAT9240,Anatomy & Physiology,P,A long repeating chain of sarcomeres,,,,,,,Myofilaments,Anatomy & Physiology,17 - Muscle Contraction
ANAT9240,Anatomy & Physiology,P,A class of muscle tissue that contains intercalated disks,,,,,,,Cardiac Muscle,Anatomy & Physiology,17 - Muscle Contraction
ANAT9240,Anatomy & Physiology,P,Another name for a muscle cell other than myocyte,,,,,,,Muscle Fibre,Anatomy & Physiology,17 - Muscle Contraction
ANAT9240,Anatomy & Physiology,P,A term given to muscle fibres that appear as fan-like projections,,,,,,,Convergent,Anatomy & Physiology,15 - Axial Muscles
ANAT9240,Anatomy & Physiology,P,A protein that blocks myosin from binding to actin,,,,,,,Tropomyosin,Anatomy & Physiology,17 - Muscle Contraction
ANAT9240,Anatomy & Physiology,P,A feather-like shape to muscle fibres,,,,,,,Pennate,Anatomy & Physiology,15 - Axial Muscles
ANAT9240,Anatomy & Physiology,P,A protein that makes up thin filaments,,,,,,,Actin,Anatomy & Physiology,17 - Muscle Contraction
ANAT9240,Anatomy & Physiology,P,A layer of tissue that surrounds a muscle,,,,,,,Fascia,Anatomy & Physiology,15 - Axial Muscles
ANAT9240,Anatomy & Physiology,P,The point of attachment that does not move when a muscle is contracted,,,,,,,Origin Point,Anatomy & Physiology,15 - Axial Muscles
ANAT9240,Anatomy & Physiology,P,The term given to a muscle that works to stabilize a joint,,,,,,,Fixator,Anatomy & Physiology,15 - Axial Muscles
ANAT9240,Anatomy & Physiology,P,The walls of tendon sheaths have a lining of __________,Synovial Membrane,Cartilage,Epimysium,Endomysium,Sarcolemma,,A,Anatomy & Physiology,15 - Axial Muscles
ANAT9240,Anatomy & Physiology,P,The fiber arrangement of the pectoralis major muscle is:,Convergent,Parallel,Bipennate,Multipennate,Fusiform,,A,Anatomy & Physiology,16 - Appendicular Muscles
ANAT9240,Anatomy & Physiology,P,The fiber arrangement of the orbicularis oris muscle is:,Parallel,Bipennate,Spiral,Circular,Unipennate,,D,Anatomy & Physiology,15 - Axial Muscles
ANAT9240,Anatomy & Physiology,P,The fiber arrangement of the deltoid muscle is:,Bipennate,Multipennate,Fusiform,Spiral,Unipennate,,B,Anatomy & Physiology,16 - Appendicular Muscles
ANAT9240,Anatomy & Physiology,P,Fixator muscles for a given action are a type of:,Prime Mover,Antagonist,Synergist,Antagonist,Agonist,,C,Anatomy & Physiology,15 - Axial Muscles
ANAT9240,Anatomy & Physiology,P,Which type of contraction slowly lengthens a muscle while maintaining tension?,Concentric,Eccentric,Isometric,Complete Tetanus,Incomplete Tetanus,,B,Anatomy & Physiology,17 - Muscle Contraction
ANAT9240,Anatomy & Physiology,P,How many muscles are in the hamstring group?,1,2,3,4,5,,C,Anatomy & Physiology,16 - Appendicular Muscles
ANAT9240,Anatomy & Physiology,P,A cut achilles tendon will impact the action of which muscle?,Biceps,Rhomboid,Tere Major,Gastrocnemius,Tibialis Anterior,,D,Anatomy & Physiology,16 - Appendicular Muscles
ANAT9240,Anatomy & Physiology,P,Which molecules are shaped like two golf clubs twisted together?,Actin,Myosin,Troponin,Tropomyosin,Sarcolemma,,B,Anatomy & Physiology,17 - Muscle Contraction
ANAT9240,Anatomy & Physiology,P,"In order for myosin to exert a physical force it first needs to be loaded or “cocked”. If ATP stores are low, energy for this reaction can come from:",Creatine,Fats,Calcium,Tropomyosin,,,A,Anatomy & Physiology,17 - Muscle Contraction
ANAT9240,Anatomy & Physiology,P,Which protein does calcium bind to?,Actin,Myosin,Troponin,Tropomyosin,Sarcolemma,,C,Anatomy & Physiology,17 - Muscle Contraction
ANAT9240,Anatomy & Physiology,P,Which metabolic pathway in muscle cells results in the production of lactic acid?,Aerobic Pathway,Anaerobic Pathway,Cellular Respiration,,,,B,Anatomy & Physiology,17 - Muscle Contraction
ANAT9240,Anatomy & Physiology,P,Which muscle has an insertion on the humerus?,Teres Major,Rhomboid,Psoas Major/Minor,Iliacus,,,A,Anatomy & Physiology,16 - Appendicular Muscles
ANAT9240,Anatomy & Physiology,P,Which muscle is NOT part of the rotator cuff?,Teres Major,Teres Minor,Supraspinatus,Infraspinatus,Subscapularis,,A,Anatomy & Physiology,16 - Appendicular Muscles
ANAT9240,Anatomy & Physiology,P,"The rectus abdominis, responsible for flexing the trunk, has an insertion on which bone?",Pelvis,Ribs,Scapula,Vertebrae,Sternum,,E,Anatomy & Physiology,15 - Axial Muscles
ANAT9240,Anatomy & Physiology,P,The biceps femoris longus muscle is found in the,Forearm,Shoulder,Ribs,Pelvis,Leg,,E,Anatomy & Physiology,16 - Appendicular Muscles
ANAT9240,Anatomy & Physiology,P,The brachialis muscle is responsible for which muscle action?,Shoulder Elevation,Elbow Flexion,Hip Adduction,Knee Extension,Hip Flexion,,B,Anatomy & Physiology,16 - Appendicular Muscles
ANAT9240,Anatomy & Physiology,P,The psoas major/minor are responsible for which muscle action?,Shoulder Elevation,Elbow Flexion,Hip Adduction,Knee Extension,Hip Flexion,,E,Anatomy & Physiology,16 - Appendicular Muscles
ANAT9240,Anatomy & Physiology,P,The Biceps brachii inserts onto the,Ulna,Humerus,Radius,Scapula,Pelvis,,C,Anatomy & Physiology,16 - Appendicular Muscles
ANAT9240,Anatomy & Physiology,P,Spiral muscles have fibers that twist between their points of attachment,TRUE,FALSE,,,,,A,Anatomy & Physiology,15 - Axial Muscles
ANAT9240,Anatomy & Physiology,P,Some muscles have multiple points of origin or insertion,TRUE,FALSE,,,,,A,Anatomy & Physiology,15 - Axial Muscles
ANAT9240,Anatomy & Physiology,P,The contracted muscle fibers return to their relaxed length immediately after relaxation,TRUE,FALSE,,,,,B,Anatomy & Physiology,17 - Muscle Contraction
ANAT9240,Anatomy & Physiology,T,The individual muscle fibers are covered by a connective tissue envelope called the,Aponeurosis,Tendon,Endomysium,Perimysium,,,C,Anatomy & Physiology,15 - Axial Muscles
ANAT9240,Anatomy & Physiology,T,The fibrous connective tissue that surrounds the entire muscle and is outside the epimysium and tendon is called the,Endomysium,Fascia,Tendon Sheath,Aponeurosis,,,B,Anatomy & Physiology,15 - Axial Muscles
ANAT9240,Anatomy & Physiology,T,The point of attachment that does not move when the muscle contracts is the,Ligament,Insertion,Tendon,Origin,,,D,Anatomy & Physiology,15 - Axial Muscles
ANAT9240,Anatomy & Physiology,T,The term _____ is used to describe a muscle that directly performs a specific movement,Synergist,Fixator,Agonist,Antagonist,,,C,Anatomy & Physiology,15 - Axial Muscles
ANAT9240,Anatomy & Physiology,T,The central body portion of the muscle is the,Tendon,Belly,Ligament,Lever,,,B,Anatomy & Physiology,15 - Axial Muscles
ANAT9240,Anatomy & Physiology,T,"Often, superficial muscles are named according to",Shape and/or Size,Function,Location,All of these,,,D,Anatomy & Physiology,15 - Axial Muscles
ANAT9240,Anatomy & Physiology,T,The occipitofrontalis muscle can be found in the,Cranium,Upper arm,Face,Lower leg,,,C,Anatomy & Physiology,15 - Axial Muscles
ANAT9240,Anatomy & Physiology,T,Which of these muscles has a role in mastication?,Pterygoids,Temporalis,Buccinators,Masseter,All of these are correct,,E,Anatomy & Physiology,15 - Axial Muscles
ANAT9240,Anatomy & Physiology,T,What action is provided by the contraction of both sternocleidomastoid muscles?,Flexion of the head,Flexion of the trunk,Extension of the head,Bending of the head laterally,,,A,Anatomy & Physiology,15 - Axial Muscles
ANAT9240,Anatomy & Physiology,T,"During inspiration, the _____ flatten(s), thus increasing the size and volume of the thoracic cavity",Splenius Capitis,Internal Intercostals,Diaphragm,External Intercostals,,,C,Anatomy & Physiology,15 - Axial Muscles
ANAT9240,Anatomy & Physiology,T,The external and internal oblique muscles can be found in the,Pelvic Floor,Abdominal Wall,Face,Cranium,,,B,Anatomy & Physiology,15 - Axial Muscles
ANAT9240,Anatomy & Physiology,T,The innermost muscle of the abdominal wall is the,Rectus Abdominus,Internal Oblique,External Oblique,Transverse Abdominis,,,D,Anatomy & Physiology,15 - Axial Muscles
ANAT9240,Anatomy & Physiology,T,Which muscle group extends the vertebral column and also flexes the back laterally and rotates it a little?,Rectus Abdominus,Serratus Anterior,Erector Spinae,Levator Ani,,,C,Anatomy & Physiology,15 - Axial Muscles
ANAT9240,Anatomy & Physiology,T,The muscle that encircles the urethra in both sexes and helps control urine flow is the,Coccygeus,Urethral Sphincter,Ischiocavernosus,Bulbospongiosus,,,B,Anatomy & Physiology,15 - Axial Muscles
ANAT9240,Anatomy & Physiology,T,"When you shrug your shoulders, which of these muscles is responsible?",Trapezius,Biceps Brachii,Serratus Anterior,Triceps Brachii,,,A,Anatomy & Physiology,16 - Appendicular Muscles
ANAT9240,Anatomy & Physiology,T,Which of the following muscles are referred to as the “rotator cuff” muscles?,"Infraspinatus, Supraspinatus, Subscapularis, and Trapezius","Serratus anterior, Infraspinatus, Subscapularis, and Teres Minor","Levator Scapulae, Infraspinatus, Supraspinatus, and Subscapularis","Infraspinatus, Supraspinatus, Subscapularis, and Teres Minor",,,D,Anatomy & Physiology,16 - Appendicular Muscles
ANAT9240,Anatomy & Physiology,T,Muscles that move the forearm include which of the following?,Pronator Teres,All of these are correct,Brachioradialis,Biceps Brachii,,,B,Anatomy & Physiology,16 - Appendicular Muscles
ANAT9240,Anatomy & Physiology,T,"In most instances, the muscles located on the anterior surface of the forearm are _____ and those on the posterior surface are _____ of the wrist, hand, and fingers",Rotators; Pronators,Flexors; Extensors,Extensors; Flexors,Abductors; Adductors,,,B,Anatomy & Physiology,16 - Appendicular Muscles
ANAT9240,Anatomy & Physiology,T,The gluteal muscle that is often the site of intramuscular injections is the,Gluteus Medius,Gluteus Maximus,Tensor Fasciae Latae,Gluteus Minimus,,,A,Anatomy & Physiology,16 - Appendicular Muscles
ANAT9240,Anatomy & Physiology,T,Which large group of muscles flexes the thigh and extends the leg?,Gluteal,Quadriceps,Hamstrings,Peroneus,,,B,Anatomy & Physiology,16 - Appendicular Muscles
ANAT9240,Anatomy & Physiology,T,Which of the following is NOT a muscle of the hamstring group?,Semimembranosus,Biceps Femoris,Semitendinosus,Rectus Femoris,,,D,Anatomy & Physiology,16 - Appendicular Muscles
ANAT9240,Anatomy & Physiology,T,The common tendon of the gastrocnemius and soleus is called the,Talus Tendon,Tibial Tendon,Digitorum Tendon,Calcaneal Tendon,,,D,Anatomy & Physiology,16 - Appendicular Muscles
ANAT9240,Anatomy & Physiology,T,"The tibialis anterior, fibularis tertius, and extensor digitorum longus are all",Dorsal extensors of the lower leg,Dorsal flexors of the foot,Dorsal flexors of the lower leg,Dorsal extensors of the foot,,,B,Anatomy & Physiology,16 - Appendicular Muscles
ANAT9240,Anatomy & Physiology,T,The continuous low level of sustained contraction maintained by all skeletal muscles is muscle,Posture,Tone,Tetanus,Summation,,,B,Anatomy & Physiology,16 - Appendicular Muscles
ANAT9240,Anatomy & Physiology,T,Muscles exert their pull against gravity by virtue of a property called,Summation,Contractibility,Tonicity,Elasticity,,,C,Anatomy & Physiology,16 - Appendicular Muscles
ANAT9240,Anatomy & Physiology,T,What would be the effect of poor posture?,Leads to fatigue,Puts abnormal strain on bones,Puts more strain on ligaments,All of these are correct,"Interferes with respiration, heart action, and digestion",,D,Anatomy & Physiology,16 - Appendicular Muscles
ANAT9240,Anatomy & Physiology,T,Which of the following is not a function of muscles?,Heat Production,Movement,Storage,Posture,,,C,Anatomy & Physiology,17 - Muscle Contraction
ANAT9240,Anatomy & Physiology,T,The muscle’s ability to stretch or extend and to return to its resting length is called,Contractibility,Extensibilty,Excitability,Elasticity,,,B,Anatomy & Physiology,17 - Muscle Contraction
ANAT9240,Anatomy & Physiology,T,The contractile unit of a muscle cell is the,Myofibril,Sarcomere,Myosin,Actin,,,B,Anatomy & Physiology,17 - Muscle Contraction
ANAT9240,Anatomy & Physiology,T,Which structure allows the electrical signals to travel along the sarcolemma and move deeper into the cell?,Sarcoplasm,Transverse (T) Tubule,Myosin,Actin,,,B,Anatomy & Physiology,17 - Muscle Contraction
ANAT9240,Anatomy & Physiology,T,"The four kinds of protein that make up myofilaments are myosin, actin,","Tropomyosin, and Myofibril","Tropomyosin, and Troponin","Troponin, and Myofibril","Troponin, and Trypsin",,,B,Anatomy & Physiology,17 - Muscle Contraction
ANAT9240,Anatomy & Physiology,T,According to the sliding filament theory,Tropomyosin moves past actin,Actin moves past myosin,Troponin moves past myosin,Myosin moves past actin,,,B,Anatomy & Physiology,17 - Muscle Contraction
ANAT9240,Anatomy & Physiology,T,The energy required for muscular contraction is obtained by hydrolysis of,RNA,ADP,DNA,ATP,,,D,Anatomy & Physiology,17 - Muscle Contraction
ANAT9240,Anatomy & Physiology,T,Anaerobic respiration results in the formation of an incompletely catabolized molecule called,Myoglobin,Glucose,Lactate,ATP,,,C,Anatomy & Physiology,17 - Muscle Contraction
ANAT9240,Anatomy & Physiology,T,The minimal level of stimulation required to cause a fiber to contract is called the,Summation,Threshold Stimulus,Tetanus,All-or-None Principle,,,B,Anatomy & Physiology,17 - Muscle Contraction
ANAT9240,Anatomy & Physiology,T,Three phases of the twitch contraction are the,"Latent Period, Contraction Phase, and Stimulation Phase","Latent Period, Contraction Phase, and Relaxation Phase","Stimulation Phase, Contraction Phase, and Relaxation Phase","Latent Period, Stimulation Phase, and Excitement Phase",,,B,Anatomy & Physiology,17 - Muscle Contraction
ANAT9240,Anatomy & Physiology,T,Repeated stimulation of muscle in time lessens its excitability and contractibility and may result in,Summation,Fatigue,Tetanus,Twitch Contraction,,,B,Anatomy & Physiology,17 - Muscle Contraction
ANAT9240,Anatomy & Physiology,T,Muscle tone is maintained by,Negative Feedback Mechansims,Both Positive & Negative Feedback Mechanisms,Positive Feedback Mechanisms,None of These,,,A,Anatomy & Physiology,17 - Muscle Contraction
ANAT9240,Anatomy & Physiology,T,A contraction in which muscle length remains the same but muscle tension increases is called an,Isometric Contraction and an Isotonic Contraction,Isokinetic Contraction,Isokinetic Contraction,Isometric Contraction,,,D,Anatomy & Physiology,17 - Muscle Contraction
ANAT9240,Anatomy & Physiology,T,Exercise may cause an increase in muscle size called,Isotonic,Atrophy,Isometric,Hypertrophy,,,D,Anatomy & Physiology,17 - Muscle Contraction
ANAT9240,Anatomy & Physiology,T,"The more muscle fibers contracting at the same time, the stronger the contraction of the entire muscle. The number of muscle fibers contracting depends on how many motor units are",Conducted,Inactivated,Retained,Recruited,,,D,Anatomy & Physiology,17 - Muscle Contraction
PSYC9210,Lifespan Development,P,Dr. Wilman is researching the place women occupy in families in Japan and in Canada. Dr. Wilman is conducting a(n) ________ study,Decentralized,Ethnocentric,Cross-Cultural,Longitudinal,,,C,Developmental Psychology: A Canadian Perspective,I - Introduction to Lifespan Development
PSYC9210,Lifespan Development,P,The longitudinal method of research consists of studying,The same individuals over a long period of time,Individuals from around the globe,Individuals born in the same year,Individuals of different ages,,,A,Developmental Psychology: A Canadian Perspective,I - Introduction to Lifespan Development
PSYC9210,Lifespan Development,P,Which of the following types of research allows one to make causal interpretations of the data collected:,Experimental Research,Survey Research,Observational Research,Correlational Research,,,A,Developmental Psychology: A Canadian Perspective,I - Introduction to Lifespan Development
PSYC9210,Lifespan Development,P,Research conducted in a laboratory setting has the advantage of _________,Recruiting participants who are from diverse cultural backgrounds,Participants awareness that they are being studied,Putting participants at ease and being more comfortable,Participants being observed in controlled setting,,,D,Developmental Psychology: A Canadian Perspective,I - Introduction to Lifespan Development
PSYC9210,Lifespan Development,P,"A researcher has two groups of children, one that has been taught a memory strategy and one that has not. Both groups are asked to learn a list of 20 word in five minutes, and both are then asked to verbally recall as many words as they can. What is the independent variable?",The amount of time children are given to learn the list of words,The number of words the children are asked to learn,Whether or not the children have been taught the memory strategy,The number of words the children recall,,,C,Developmental Psychology: A Canadian Perspective,I - Introduction to Lifespan Development
PSYC9210,Lifespan Development,P,"Suppose, to determine whether teenagers or young adults are faster sprinters, you located 15 teenagers at the sports complex and 15 young adults at the library and asked them all to run a 100-yard dash. Suppose the teenagers ran faster than the young adults and the researcher concludes that sprinting times decrease in young adulthood. The most justified criticism of this study is that the:",Samples of subjects were not randomly selected,Race was too short,Number of subjects was too small,Measure of running speed was not reliable,,,A,Developmental Psychology: A Canadian Perspective,I - Introduction to Lifespan Development
PSYC9210,Lifespan Development,P,Which of the following is a key difference between a survey and an experiment in nursing research?,"Surveys require a control group, while experiments do not","Surveys are only used in observational studies, while experiments can only use quantitative data",A survey manipulates independent variables to observe changes in dependent variables,"A survey collects data on existing conditions, while an experiment tests cause-and-effect relationships",,,D,Developmental Psychology: A Canadian Perspective,I - Introduction to Lifespan Development
PSYC9210,Lifespan Development,P,"In a clinical trial, which of the following is primarily used to eliminate bias in participant selection?",Observational Design,Thematic Analysis,Randomization,Survey Questionnaire,,,C,Developmental Psychology: A Canadian Perspective,I - Introduction to Lifespan Development
PSYC9210,Lifespan Development,P,Which of the following best describes the purpose of a control group in experimental research?,To introduce variability into the study results,To eliminate the need for randomization,To ensure that all participants receive the same intervention,To provide a baseline comparison for measuring the effect of the independent variable,,,D,Developmental Psychology: A Canadian Perspective,I - Introduction to Lifespan Development
PSYC9210,Lifespan Development,P,"In a study on smoking cessation programs, researchers divide participants into two groups: one receives counselling only, while the other receives counselling plus nicotine patches. After six months, the smoking cessation rates are compared. What is the independent variable in this study?",Use of nicotine patches,Number of participants in each group,Length of the study,Smoking cessation rates,,,A,Developmental Psychology: A Canadian Perspective,I - Introduction to Lifespan Development
PSYC9210,Lifespan Development,P,Which of the following is an example of a cross-sectional study in patient care?,A study that randomly assigns patients to receive either a new or standard treatment for pain management,A study that measures the impact of a nursing intervention by comparing patient outcomes before and after implementation,A study that follows heart failure patients for five years to track hospitalization rates,A study that surveys diabetic patients once to assess the relationship between diet and blood sugar levels,,,D,Developmental Psychology: A Canadian Perspective,I - Introduction to Lifespan Development
BSCN9200,Family Health,T,"A family includes a parent, a step-parent, two teenaged biological children of the parent, and an adult biological child of the step-parent. The adult child of the step-parent moves home after losing a job in another city. The family converts an office into another bedroom and redistributes household chores. The family members feel they are able to adjust to lifestyle changes. Which family attribute does this demonstrate?",Diversity,Durability,Resiliency,Composition,,,C,Canadian Fundamentals of Nursing,20 - Family Health
BSCN9200,Family Health,T,What is generally true about the current family structure of Indigenous peoples?,They tend to be smaller,They tend to have little diversity,"Each community has the same traditions, rituals, relationships and functions",They tend to have younger family members,,,D,Canadian Fundamentals of Nursing,20 - Family Health
BSCN9200,Family Health,T,"Which term is used for a family that includes a parent, a step-parent, and the biological children of each parent?",A nuclear family,A blended family,An extended family,Lone-parent family,,,B,Canadian Fundamentals of Nursing,20 - Family Health
BSCN9200,Family Health,T,What are factors that lead to grandparents raising grandchildren?,It is uncommon for grandparents to raise grandchildren,Cultural factors,Increase in dual-income families,Decrease in divorce rates,,,B,Canadian Fundamentals of Nursing,20 - Family Health
BSCN9200,Family Health,T,Which statistic accurately represents the number of older persons in Canada?,1 out of every 5 Canadians is an older person,1 out of every 7 Canadians is an older person,1 out of every 10 Canadians is an older person,1 out of every 15 Canadians is an older person,,,B,Canadian Fundamentals of Nursing,20 - Family Health
BSCN9200,Family Health,T,How does communication contribute to family resiliency?,It encourages family members to rely on health care providers,Communication is not important,It discourages expression of needs,It promotes the health of all members,,,D,Canadian Fundamentals of Nursing,20 - Family Health
BSCN9200,Family Health,T,"When nurses view the family as a patient, what is their primary focus?",The family within a system,The family process and relationships,The interactions between family members,The health and development of an individual family member,,,B,Canadian Fundamentals of Nursing,20 - Family Health
BSCN9200,Family Health,T,What is the first priority when providing care to a member of a family?,Assessing the needs of the entire family,Providing personal care to the ill member,Referring family members to community resources,Teaching caregivers needed procedures,,,A,Canadian Fundamentals of Nursing,20 - Family Health
BSCN9200,Family Health,T,Which of the following is an accurate description of a family?,A group of persons with similar personalities,A group of persons joined in a set of relationships,A group of persons related by marriage,A group of persons biologically related,,,B,Canadian Fundamentals of Nursing,20 - Family Health
BSCN9200,Family Health,T,What assumption is family nursing based on?,Every person is a member of some type of family form,Not everyone is a member of a family,It is more important to work with the individual,A change in one family member does not affect others,,,A,Canadian Fundamentals of Nursing,20 - Family Health
BSCN9200,Family Health,T,Which statement describes a societal trend affecting families today?,The economic status of families is improving,Adolescents living in blended families are more common,More families must care for aging parents while supporting children,Grandparents participate less in rearing grandchildren,,,C,Canadian Fundamentals of Nursing,20 - Family Health
BSCN9200,Family Health,T,Which aspect of families is an underused resource in family nursing?,The family’s social status,The family’s community environment,The family’s education and income,"The family’s spiritual or religious beliefs, rituals, and practices",,,D,Canadian Fundamentals of Nursing,20 - Family Health
BSCN9200,Family Health,T,"Family composition, gender, sexual orientation, rank order, subsystems, and boundaries are subcategories of which part of the family?",External structure,Internal structure,Context,Instrumental functioning,,,B,Canadian Fundamentals of Nursing,20 - Family Health
BSCN9200,Family Health,T,What is the nurse assessing when asking questions about instrumental functioning?,Activities of daily living,Communication processes,Range and types of feelings expressed,Nonverbal messages such as body language,,,A,Canadian Fundamentals of Nursing,20 - Family Health
BSCN9200,Family Health,T,"In family interviewing, observing multiple interactions simultaneously requires which skills?",Executive skills,Questioning skills,Conceptual skills,Perceptual skills,,,D,Canadian Fundamentals of Nursing,20 - Family Health
BSCN9200,Family Health,T,How can the nurse help alleviate isolation after a life-shortening diagnosis?,Ask interventive questions,Provide information,Encourage respite,Validate or normalize intense emotional responses,,,D,Canadian Fundamentals of Nursing,20 - Family Health
BSCN9200,Family Health,T,"In the 5 W’s of Relating, “What am I privileging or ignoring?” refers to which W?",What are you relating to?,Who are you relating to?,When are you relating?,Where are you relating?,,,B,Canadian Fundamentals of Nursing,20 - Family Health
BSCN9200,Family Health,T,Which statements about the Calgary Family Assessment Model (CFAM) are accurate?,"It is a relational, strengths-focused practice model",It can be consulted during discussions about family issues,All subcategories apply to every family,It helps nurses explore how they are relating,It is used in nursing schools worldwide,,A|B|E,Canadian Fundamentals of Nursing,20 - Family Health
BSCN9200,Family Health,T,Influence within families can take which forms?,Instrumental,Executive,Physical,Conceptual,Psychological,,A|C|E,Canadian Fundamentals of Nursing,20 - Family Health
BSCN9200,Family Health,T,The number of deaths of infants younger than age 28 days per 1 000 live births is termed which of the following?,Infant death rate,Neonatal birth rate,Neonatal morbidity rate,Neonatal mortality rate,,,D,Leifer's Introduction to Maternity & Pediatric Nursing,1 - Overview of Perinatal & Pediatric Nursing in Canada
BSCN9200,Family Health,T,An organization that sets standards of practice for nursing would be which of the following?,Society of Obstetricians and Gynaecologists of Canada (SOGC),Canadian Nurses Association (CNA),Utilization review committee,Canadian Paediatric Society (CPS),,,B,Leifer's Introduction to Maternity & Pediatric Nursing,1 - Overview of Perinatal & Pediatric Nursing in Canada
BSCN9200,Family Health,T,The nurse is providing evidence‑informed care when the care provided does which of the following?,Adheres to hospital procedure book guidelines,Is based on protocols learned in nursing school,Is provided on the basis of a request of the charge nurse or health care provider,Is provided on the basis of what has been published in a professional journal or text,,,D,Leifer's Introduction to Maternity & Pediatric Nursing,1 - Overview of Perinatal & Pediatric Nursing in Canada
BSCN9200,Family Health,T,Which source would the nurse use to determine whether a specific nursing activity is within the scope of practice of a practical nurse?,Nursing textbook,Nursing procedure manual,Head nurse or nurse manager,Provincial nursing regulatory body,,,D,Leifer's Introduction to Maternity & Pediatric Nursing,1 - Overview of Perinatal & Pediatric Nursing in Canada
BSCN9200,Family Health,T,Which of the following are agencies that focus on global health and development?,World Health Organization,United Nations,Public Health Agency of Canada,Canadian Nurses Association,,,A|B,Leifer's Introduction to Maternity & Pediatric Nursing,1 - Overview of Perinatal & Pediatric Nursing in Canada
BSCN9200,Family Health,T,Nursing organizations that suggest standards of care in maternal–child nursing include which of the following?,CAPWHN,CNA,QSEN,CPS,,,A|B,Leifer's Introduction to Maternity & Pediatric Nursing,1 - Overview of Perinatal & Pediatric Nursing in Canada
BSCN9200,Family Health,T,Which of the following social determinants of health are specific to Indigenous peoples?,Colonization,Residential schools,Employment and working conditions,Cultural genocide,Biology and genetic endowment,,A|B|D,Leifer's Introduction to Maternity & Pediatric Nursing,1 - Overview of Perinatal & Pediatric Nursing in Canada
BSCN9200,Family Health,T,A pregnant person living in a remote northern community has been informed that once their pregnancy reaches 36 weeks they must relocate to a larger centre until birth. This is an example of:,Family-centered care,Health inequality,Technological advances in health care,Social determinants of health,,,B,Leifer's Introduction to Maternity & Pediatric Nursing,1 - Overview of Perinatal & Pediatric Nursing in Canada
BSCN9200,Family Health,T,A group of people are discussing childbirth experiences. Which statement would most likely indicate that a person gave birth in the 1950s?,My partner stayed with me throughout labour and birth,The unit allowed me to give birth and recover in the same room,I was discharged from the hospital 1 week following the birth,The birthing centre rooms were decorated in a homelike fashion,,,C,Leifer's Introduction to Maternity & Pediatric Nursing,1 - Overview of Perinatal & Pediatric Nursing in Canada
BSCN9200,Family Health,T,A nursing student asks how to provide culturally competent care for 2SLGBTQ1+ patients. The first step is to:,Research credible information,Interview a 2SLGBTQ1+ person,Reflect on one’s own beliefs and biases,Join a support group advocating for 2SLGBTQ1+ people,,,C,Leifer's Introduction to Maternity & Pediatric Nursing,1 - Overview of Perinatal & Pediatric Nursing in Canada
BSCN9200,Family Health,T,"A nurse sends a diabetic educator the patient’s admission details, history, and diagnosis before discharge teaching. This is an example of:",Coordination of care,Accountability in nursing care,Global health,Health promotion,,,A,Leifer's Introduction to Maternity & Pediatric Nursing,1 - Overview of Perinatal & Pediatric Nursing in Canada
BSCN9200,Family Health,T,Which diagnosis is the nurse legally responsible to report?,Bronchiolitis,Sexually transmitted infection,Acute otitis media,Strep throat,,,B,Leifer's Introduction to Maternity & Pediatric Nursing,1 - Overview of Perinatal & Pediatric Nursing in Canada
BSCN9200,Family Health,T,What is true of family‑centred care?,The nurse’s role is to enter into a partnership with the family,Health care professionals are the primary decision makers,Family involvement during pregnancy and birth is integral,Families contribute their ability to accept and maintain control over health care,When a child is sick this impacts the whole family,,A|C|D|E,Leifer's Introduction to Maternity & Pediatric Nursing,1 - Overview of Perinatal & Pediatric Nursing in Canada
BSCN9200,Family Health,T,The Baby‑Friendly Initiative’s (BFI) main goal is to ensure infants are breastfed for 12 months.,TRUE,FALSE,,,,,B,Leifer's Introduction to Maternity & Pediatric Nursing,1 - Overview of Perinatal & Pediatric Nursing in Canada
BSCN9200,Family Health,T,"According to the FCMNC National Guidelines, early parent–infant attachment is critical for newborn development and healthy families.",TRUE,FALSE,,,,,A,Leifer's Introduction to Maternity & Pediatric Nursing,1 - Overview of Perinatal & Pediatric Nursing in Canada
